1,laptop_images\laptop_0.jpeg
2,laptop_images\laptop_1.jpeg
3,laptop_images\laptop_2.jpeg
4,laptop_images\laptop_3.jpeg
5,laptop_images\laptop_4.jpeg
6,laptop_images\laptop_5.jpeg
7,laptop_images\laptop_6.jpeg
8,laptop_images\laptop_7.jpeg
9,laptop_images\laptop_8.jpeg
10,laptop_images\laptop_9.jpeg
11,laptop_images\laptop_10.jpeg
12,laptop_images\laptop_11.jpeg
13,laptop_images\laptop_12.jpeg
14,laptop_images\laptop_13.jpeg
15,laptop_images\laptop_14.jpeg
16,laptop_images\laptop_15.jpeg
17,laptop_images\laptop_16.jpeg
18,laptop_images\laptop_17.jpeg
19,laptop_images\laptop_18.jpeg
20,laptop_images\laptop_19.jpeg
21,laptop_images\laptop_20.jpeg
22,laptop_images\laptop_21.jpeg
23,laptop_images\laptop_22.jpeg
24,laptop_images\laptop_23.jpeg
25,laptop_images\laptop_24.jpeg
26,laptop_images\laptop_25.jpeg
27,laptop_images\laptop_26.jpeg
28,laptop_images\laptop_27.jpeg
29,laptop_images\laptop_28.jpeg
30,laptop_images\laptop_29.jpeg
31,laptop_images\laptop_30.jpeg
32,laptop_images\laptop_31.jpeg
33,laptop_images\laptop_32.jpeg
34,laptop_images\laptop_33.jpeg
35,laptop_images\laptop_34.jpeg
36,laptop_images\laptop_35.jpeg
37,laptop_images\laptop_36.jpeg
38,laptop_images\laptop_37.jpeg
39,laptop_images\laptop_38.jpeg
40,laptop_images\laptop_39.jpeg
41,laptop_images\laptop_40.jpeg
42,laptop_images\laptop_41.jpeg
43,laptop_images\laptop_42.jpeg
44,laptop_images\laptop_43.jpeg
45,laptop_images\laptop_44.jpeg
46,laptop_images\laptop_45.jpeg
47,laptop_images\laptop_46.jpeg
48,laptop_images\laptop_47.jpeg
49,laptop_images\laptop_48.jpeg
50,laptop_images\laptop_49.jpeg
51,laptop_images\laptop_50.jpeg
52,laptop_images\laptop_51.jpeg
53,laptop_images\laptop_52.jpeg
54,laptop_images\laptop_53.jpeg
55,laptop_images\laptop_54.jpeg
56,laptop_images\laptop_55.jpeg
57,laptop_images\laptop_56.jpeg
58,laptop_images\laptop_57.jpeg
59,laptop_images\laptop_58.jpeg
60,laptop_images\laptop_59.jpeg
61,laptop_images\laptop_60.jpeg
62,laptop_images\laptop_61.jpeg
63,laptop_images\laptop_62.jpeg
64,laptop_images\laptop_63.jpeg
65,laptop_images\laptop_64.jpeg
66,laptop_images\laptop_65.jpeg
67,laptop_images\laptop_66.jpeg
68,laptop_images\laptop_67.jpeg
69,laptop_images\laptop_68.jpeg
70,laptop_images\laptop_69.jpeg
71,laptop_images\laptop_70.jpeg
72,laptop_images\laptop_71.jpeg
73,laptop_images\laptop_72.jpeg
74,laptop_images\laptop_73.jpeg
75,laptop_images\laptop_74.jpeg
76,laptop_images\laptop_75.jpeg
77,laptop_images\laptop_76.jpeg
78,laptop_images\laptop_77.jpeg
79,laptop_images\laptop_78.jpeg
80,laptop_images\laptop_79.jpeg
81,laptop_images\laptop_80.jpeg
82,laptop_images\laptop_81.jpeg
83,laptop_images\laptop_82.jpeg
84,laptop_images\laptop_83.jpeg
85,laptop_images\laptop_84.jpeg
86,laptop_images\laptop_85.jpeg
87,laptop_images\laptop_86.jpeg
88,laptop_images\laptop_87.jpeg
89,laptop_images\laptop_88.jpeg
90,laptop_images\laptop_89.jpeg
91,laptop_images\laptop_90.jpeg
92,laptop_images\laptop_91.jpeg
93,laptop_images\laptop_92.jpeg
94,laptop_images\laptop_93.jpeg
95,laptop_images\laptop_94.jpeg
96,laptop_images\laptop_95.jpeg
97,laptop_images\laptop_96.jpeg
98,laptop_images\laptop_97.jpeg
99,laptop_images\laptop_98.jpeg
100,laptop_images\laptop_99.jpeg
101,laptop_images\laptop_100.jpeg
102,laptop_images\laptop_101.jpeg
103,laptop_images\laptop_102.jpeg
104,laptop_images\laptop_103.jpeg
105,laptop_images\laptop_104.jpeg
106,laptop_images\laptop_105.jpeg
107,laptop_images\laptop_106.jpeg
108,laptop_images\laptop_107.jpeg
109,laptop_images\laptop_108.jpeg
110,laptop_images\laptop_109.jpeg
111,laptop_images\laptop_110.jpeg
112,laptop_images\laptop_111.jpeg
113,laptop_images\laptop_112.jpeg
114,laptop_images\laptop_113.jpeg
115,laptop_images\laptop_114.jpeg
116,laptop_images\laptop_115.jpeg
117,laptop_images\laptop_116.jpeg
118,laptop_images\laptop_117.jpeg
119,laptop_images\laptop_118.jpeg
120,laptop_images\laptop_119.jpeg
121,laptop_images\laptop_120.jpeg
122,laptop_images\laptop_121.jpeg
123,laptop_images\laptop_122.jpeg
124,laptop_images\laptop_123.jpeg
125,laptop_images\laptop_124.jpeg
126,laptop_images\laptop_125.jpeg
127,laptop_images\laptop_126.jpeg
128,laptop_images\laptop_127.jpeg
129,laptop_images\laptop_128.jpeg
130,laptop_images\laptop_129.jpeg
131,laptop_images\laptop_130.jpeg
132,laptop_images\laptop_131.jpeg
133,laptop_images\laptop_132.jpeg
134,laptop_images\laptop_133.jpeg
135,laptop_images\laptop_134.jpeg
136,laptop_images\laptop_135.jpeg
137,laptop_images\laptop_136.jpeg
138,laptop_images\laptop_137.jpeg
139,laptop_images\laptop_138.jpeg
140,laptop_images\laptop_139.jpeg
141,laptop_images\laptop_140.jpeg
142,laptop_images\laptop_141.jpeg
143,laptop_images\laptop_142.jpeg
144,laptop_images\laptop_143.jpeg
145,laptop_images\laptop_144.jpeg
146,laptop_images\laptop_145.jpeg
147,laptop_images\laptop_146.jpeg
148,laptop_images\laptop_147.jpeg
149,laptop_images\laptop_148.jpeg
150,laptop_images\laptop_149.jpeg
151,laptop_images\laptop_150.jpeg
152,laptop_images\laptop_151.jpeg
153,laptop_images\laptop_152.jpeg
154,laptop_images\laptop_153.jpeg
155,laptop_images\laptop_154.jpeg
156,laptop_images\laptop_155.jpeg
157,laptop_images\laptop_156.jpeg
158,laptop_images\laptop_157.jpeg
159,laptop_images\laptop_158.jpeg
160,laptop_images\laptop_159.jpeg
161,laptop_images\laptop_160.jpeg
162,laptop_images\laptop_161.jpeg
163,laptop_images\laptop_162.jpeg
164,laptop_images\laptop_163.jpeg
165,laptop_images\laptop_164.jpeg
166,laptop_images\laptop_165.jpeg
167,laptop_images\laptop_166.jpeg
168,laptop_images\laptop_167.jpeg
169,laptop_images\laptop_168.jpeg
170,laptop_images\laptop_169.jpeg
171,laptop_images\laptop_170.jpeg
172,laptop_images\laptop_171.jpeg
173,laptop_images\laptop_172.jpeg
174,laptop_images\laptop_173.jpeg
175,laptop_images\laptop_174.jpeg
176,laptop_images\laptop_175.jpeg
177,laptop_images\laptop_176.jpeg
178,laptop_images\laptop_177.jpeg
179,laptop_images\laptop_178.jpeg
180,laptop_images\laptop_179.jpeg
181,laptop_images\laptop_180.jpeg
182,laptop_images\laptop_181.jpeg
